,start_time,datetime,year,month,day,id_tweet,tweet
0,1558729302,2019-05-24 16:21:42+00:00,2019,5,24,1131958459442827264,UPDATE: New Brunswick Station: Inbound (Eastbound) Elevator Returned to Service - Effective Immediately https://t.co/xO1QeIrmrq
1,1558717837,2019-05-24 13:10:37+00:00,2019,5,24,1131910373546844160,New Brunswick Station: Inbound (Eastbound) Platform Elevator Temporarily Out of Service - Effective Immediately https://t.co/xO1QeIrmrq
2,1558715065,2019-05-24 12:24:25+00:00,2019,5,24,1131898746567106562,UPDATE: New Brunswick Station: Inbound (Eastbound) Elevator Returned to Service - Effective Immediately https://t.co/Pka46ZcDfP
3,1558713524,2019-05-24 11:58:44+00:00,2019,5,24,1131892282624487424,"NEC train #3924, the 8:06am from Newark Penn Station is 10 min. late due to earlier congestion from train #3712."
4,1558662373,2019-05-23 21:46:13+00:00,2019,5,23,1131677738329362438,"NEC train #3867, the 5:40pm from NPS, is up to 10 min. late due to Amtrak train #A193 ahead."
5,1558653478,2019-05-23 19:17:58+00:00,2019,5,23,1131640431857549313,"NEC train #3937, the 3:14pm from NPS, is up to 15 min. late due to earlier police assistance."
6,1558652795,2019-05-23 19:06:35+00:00,2019,5,23,1131637567378677762,"NEC train #3849, the  2:55pm from Metuchen, is up to 10 min. late due to earlier congestion."
7,1558651701,2019-05-23 18:48:21+00:00,2019,5,23,1131632978977800192,The Outbound (Westbound) Elevator at Rahway Station is Temporarily Out of Service - Effective Immediately https://t.co/ozA5VHG02X
8,1558642700,2019-05-23 16:18:20+00:00,2019,5,23,1131595225980375040,"NEC train #3837, the  12:17pm from Princeton Jct., is up to 15 min. late due to Amtrak train #a125 ahead."
9,1558634435,2019-05-23 14:00:35+00:00,2019,5,23,1131560559797784576,"Update: NEC train #3831, the 9:46am from Secaucus is 10 min. late due to earlier police assistance."
10,1558633973,2019-05-23 13:52:53+00:00,2019,5,23,1131558622637510657,"NEC train #3831, the 9:46am from Secaucus is up to 10 min. late due to police assistance. An update will follow."
11,1558630898,2019-05-23 13:01:38+00:00,2019,5,23,1131545723638558722,"Update: NEC train #3827, the 8:46am from Newark Penn Station is up to 25 min. late due to earlier police assistance at Secaucus."
12,1558630751,2019-05-23 12:59:11+00:00,2019,5,23,1131545109131157504,"NEC train #3915, the 8:48am from Secaucus is up to 15 min. late due to congestion from train #3827."
13,1558630611,2019-05-23 12:56:51+00:00,2019,5,23,1131544519449731073,"NEC train #3827, the 8:37am from Secaucus is up to 20 min. late due to police assistance. Update to follow."
14,1558621521,2019-05-23 10:25:21+00:00,2019,5,23,1131506394241404928,Update: NEC train #3823 the 7:53am from PSNY will operate Thursday 5/23.
15,1558620535,2019-05-23 10:08:55+00:00,2019,5,23,1131502258766663680,"NEC train #3823 the 7:53am from PSNY is cancelled Thursday 5/23, due to engineer availability. Customers to train #… https://t.co/HJNV8tVMyj"
16,1558619228,2019-05-23 09:47:08+00:00,2019,5,23,1131496778233208833,"NEC train #3809, the 4:54am from Princeton Junction, is up to 15 min. late due to Amtrak track maintenance."
17,1558575088,2019-05-22 21:31:28+00:00,2019,5,22,1131311639041585152,"NEC train #3861, the 5:21pm from Metuchen, is up to 15 min. late due to  Amtrak train #A2167 ahead."
18,1558574860,2019-05-22 21:27:40+00:00,2019,5,22,1131310683948236801,"NEC train #3957, the 6:01pm from PSNY, is cancelled due to equipment availability. Customers to train #3959, the 6:12pm from PSNY."
19,1558574315,2019-05-22 21:18:35+00:00,2019,5,22,1131308399587672064,"NEC train #3860, the 5:14pm from NPS, is cancelled due to a mechanical problem. Customers to train #3260 at NPS for service to PSNY."
20,1558566372,2019-05-22 19:06:12+00:00,2019,5,22,1131275083375415297,"Hamilton Station: Parking Restrictions due to Parking Deck Repair &amp; Maintenance Work - Tuesday, May ... https://t.co/VMxjMfLBwV"
21,1558563607,2019-05-22 18:20:07+00:00,2019,5,22,1131263485051068417,UPDATE: Newark Penn Station: Track A Elevator Returned to Service - Effective Immediately https://t.co/BfGH1nrDfX
22,1558550305,2019-05-22 14:38:25+00:00,2019,5,22,1131207694679977984,Newark Penn Station: Track A Elevator Temporarily Out of Service - Effective Immediately https://t.co/BfGH1nrDfX
23,1558538876,2019-05-22 11:27:56+00:00,2019,5,22,1131159757656604672,"NEC train #3712, the 7:39am from Jersey Ave is cancelled Wednesday, 5/22 due to mechanical problems. Customers to t… https://t.co/QMAqNSS3PF"
24,1558537607,2019-05-22 11:06:47+00:00,2019,5,22,1131154435223228416,"NEC train #3817, the 6:38am from PSNY was cancelled Wednesday, 5/22 due to mechanical problems. Customers to train… https://t.co/bdRpMwxCMq"
25,1558537284,2019-05-22 11:01:24+00:00,2019,5,22,1131153078168760320,"NEC train #3705, the 6:31am from PSNY was cancelled Wednesday, 5/22 due to mechanical problems. Customers to train… https://t.co/GnVJMvihHg"
26,1558527195,2019-05-22 08:13:15+00:00,2019,5,22,1131110764356485120,"NEC train #3702 5:26am from Jersey Ave, is cancelled Wednesday 5/22 due to equipment availability. Customers to tra… https://t.co/XxYWyL5ZJc"
27,1558499144,2019-05-22 00:25:44+00:00,2019,5,22,1130993106898292736,"NEC train #3963, the 8:14pm from Princeton Junction, is up to 15 min. late due to earlier speed restrictions."
28,1558494886,2019-05-21 23:14:46+00:00,2019,5,21,1130975250802454528,NEC train #3875 the 7:05pm from Newark Penn Station is up to 15 min. late following an earlier disabled Amtrak train near PSNY.
29,1558494422,2019-05-21 23:07:02+00:00,2019,5,21,1130973301055131648,NEC train #3961 the 6:55pm from Newark Penn Station is up to 15 min. late due to equipment availability.
30,1558475183,2019-05-21 17:46:23+00:00,2019,5,21,1130892607868026880,"NEC train #3843, the 1:40pm from Jersey Ave, is up to 10 min. late due to late Amtrak train A2159 ahead."
31,1558473398,2019-05-21 17:16:38+00:00,2019,5,21,1130885122700525569,"Northeast Corridor, North Jersey Coast Line &amp; Morris &amp; Essex Lines: Possible Delays due to Track Wor... https://t.co/9h7N5deltm"
32,1558469914,2019-05-21 16:18:34+00:00,2019,5,21,1130870507769913344,"NEC train #3837, the 12:17pm from Princeton Jct., is up to 10 min. late due to late Amtrak train A125 ahead."
33,1558462313,2019-05-21 14:11:53+00:00,2019,5,21,1130838628358414337,"NEC train #3917, the 10:03am from Princeton Jct., is up to 15 min. late due to earlier congestion from an Amtrak train ahead."
34,1558457293,2019-05-21 12:48:13+00:00,2019,5,21,1130817571287121922,"NEC train #3713, the 8:40am from Linden, is up to 10 min. late due to earlier congestion."
35,1558456277,2019-05-21 12:31:17+00:00,2019,5,21,1130813309685587968,"NEC train #3825, the 8:21am from Secaucus, is up to 10 min. late due to congestion from late train #6613."
36,1558417107,2019-05-21 01:38:27+00:00,2019,5,21,1130649018768461824,"Update:NEC train #3892 the 11:51pm from Trenton, will operate today Monday 5/20."
37,1558416269,2019-05-21 01:24:29+00:00,2019,5,21,1130645504549904384,"NEC train #3892 the 11:51pm from Trenton, is cancelled Monday 5/20 due to engineer availability. Customers to train… https://t.co/uUGWu4UnJx"
38,1558412306,2019-05-21 00:18:26+00:00,2019,5,21,1130628881734619141,"NEC train #3887 the 9:06pm from PSNY, is cancelled Monday 5/20 due to engineer availability. Customers to train #3889 the 9:35pm from PSNY."
39,1558408939,2019-05-20 23:22:19+00:00,2019,5,20,1130614761140477954,"NEC train #3873, the 7:03pm from Edison, is up to 20 min. late due to making additional stops for cancelled train #3959."
40,1558407033,2019-05-20 22:50:33+00:00,2019,5,20,1130606768634122240,NEC train #3873 the 6:46pm from Rahway is up to 15 min. late due to an additional stop made today.
41,1558404292,2019-05-20 22:04:52+00:00,2019,5,20,1130595268808851456,"NEC train #3175 the 6:37pm from PSNY is cancelled Monday, 5/20 due to equipment availability. Customers to train #3… https://t.co/lEX5fs19kQ"
42,1558404074,2019-05-20 22:01:14+00:00,2019,5,20,1130594356073779200,"NEC train #3959 the 6:12pm from PSNY is cancelled Monday, 5/20 due to equipment availability. Customers to train #3… https://t.co/fytjRyuMzO"
43,1558403745,2019-05-20 21:55:45+00:00,2019,5,20,1130592976135172099,NEC train #3861 the 5:45pm from Princeton Jct. is up to 15 min. late due to an operational issue.
44,1558400091,2019-05-20 20:54:51+00:00,2019,5,20,1130577650119000064,"NEC train #3864, the 4:44pm from Trenton, is cancelled due to mechanical problems. Customers to train #3866 the 5:04pm from Trenton."
45,1558397651,2019-05-20 20:14:11+00:00,2019,5,20,1130567415795003393,"NEC train #3896, the 4:12pm from Trenton, is cancelled due  to mechanical problems. Customers to train #3862, the 4:36pm from Trenton."
46,1558391667,2019-05-20 18:34:27+00:00,2019,5,20,1130542316001878018,NEC train #3847 the 2:21pm from Metro Park is up to 15 min. late due to congestion following A2121.
47,1558383513,2019-05-20 16:18:33+00:00,2019,5,20,1130508118411100162,NEC train #3837 the 12:17pm from Princeton Jct. is up to 10 min. late due to congestion following A125.
48,1558374129,2019-05-20 13:42:09+00:00,2019,5,20,1130468755623096321,NEC train #3829 the 9:19am from PSNY is up to 20 min. late due to equipment availability.
49,1558371843,2019-05-20 13:04:03+00:00,2019,5,20,1130459170325565442,New Brunswick Station: Inbound (Eastbound) Platform Elevator Temporarily Out of Service - Effective Immediately https://t.co/Pka46ZcDfP
50,1558369469,2019-05-20 12:24:29+00:00,2019,5,20,1130449213505056768,"NEC train #3713, the 8:14am from Secaucus is up to 10 min. late due to equipment availability."
51,1558369169,2019-05-20 12:19:29+00:00,2019,5,20,1130447954777661441,"NEC train #3928, the 8:05am Princeton Junction is up to 20 min. late due to an earlier mechanical problem."
52,1558368940,2019-05-20 12:15:40+00:00,2019,5,20,1130446991291498498,"NEC train #3932, the 8:26am from Trenton is cancelled Monday, 5/20 due to a mechanical problem. Customers to train… https://t.co/QxguIgZbYq"
53,1558367847,2019-05-20 11:57:27+00:00,2019,5,20,1130442409471631360,"NEC train #3821, the 7:46am from Linden is up to 15 min. late due to congestion from train #3221."
54,1558362335,2019-05-20 10:25:35+00:00,2019,5,20,1130419287775166464,"NEC train #3712, the 7:39am from Jersey Ave is cancelled Monday, 5/20 due to equipment availability. Customers to t… https://t.co/4bUStHh6br"
55,1558362085,2019-05-20 10:21:25+00:00,2019,5,20,1130418239543152641,"NEC train #3705, the 6:31am from PSNY is cancelled Monday, 5/20 due to equipment availability. Customers to train #… https://t.co/j4XI9SMans"
56,1558355347,2019-05-20 08:29:07+00:00,2019,5,20,1130389981342654464,"NEC train #3702 5:26am from Jersey Ave, is cancelled Mon 5/20 due to equipment availability. Customers to train #37… https://t.co/jNDh7pv9Ke"
57,1558340461,2019-05-20 04:21:01+00:00,2019,5,20,1130327544698421248,"NEC train #7885, the 12:02pm from Metuchen, is up to 20 min. late due to heavy customer travel."
58,1558340146,2019-05-20 04:15:46+00:00,2019,5,20,1130326221588451329,"NJCL train #7276, the 11:43pm from Red Bank, is cancelled due to mechanical issues. Customers may use train #3200."
59,1558333387,2019-05-20 02:23:07+00:00,2019,5,20,1130297870991724546,"NEC train #7877, the 10:11pm from New Brunswick, is up to 15 min. late due to heavy customer travel."
60,1558319761,2019-05-19 22:36:01+00:00,2019,5,19,1130240720705658881,"NEC train #7861, the 6:28pm from Princeton Jct., is up to 15 min. late due to heavy customer travel."
61,1558311152,2019-05-19 20:12:32+00:00,2019,5,19,1130204613670576129,"NEC train #7853, the 3:58pm from Metropark is up to 15 min. late due to earlier mechanical problems."
62,1558304261,2019-05-19 18:17:41+00:00,2019,5,19,1130175707936698369,"NEC train #7845, the 2:07pm from Edison is up to 10 min. late due to earlier congestion from train #7245."
63,1558303982,2019-05-19 18:13:02+00:00,2019,5,19,1130174539122565120,"NEC train #7840, the 1:59pm from Trenton is up to 15 min. late due to congestion from Amtrak train A666."
64,1558241956,2019-05-19 00:59:16+00:00,2019,5,19,1129914384971685893,"NEC train #7873, the 8:42pm from Elizabeth is up to 15 min. late due to congestion from train #7273."
65,1558231114,2019-05-18 21:58:34+00:00,2019,5,18,1129868906934493185,"Correction: NEC train #7859, the 5:37pm from Metuchen is up to 20 min. late due to heavy customer travel."
66,1558230270,2019-05-18 21:44:30+00:00,2019,5,18,1129865370477768704,"NEC train #7853, the 5:32pm from Metropark is up to 20 min. late due to heavy customer travel."
67,1558226793,2019-05-18 20:46:33+00:00,2019,5,18,1129850784647131137,"NEC train #7853, the 4:27pm from Princeton Jct., is up to 25 min. late due to a signal problem."
68,1558223159,2019-05-18 19:45:59+00:00,2019,5,18,1129835545050460168,"NEC train #7657, the 3:56pm from PSNY, is cancelled due to engineer availability. Customers may use train #7257, the 4:07pm from PSNY."
69,1558214679,2019-05-18 17:24:39+00:00,2019,5,18,1129799975456727040,"NEC train #7841, the 1:02pm from Metuchen, is up to 20 min. late due to a signal issue."
70,1558155700,2019-05-18 01:01:40+00:00,2019,5,18,1129552601190719488,"NEC train #3969, the 8:16pm from PSNY was cancelled due to equipment availability. Customers to train #3885, the 9:01pm from EWR."
71,1558146981,2019-05-17 22:36:21+00:00,2019,5,17,1129516028164231168,"NEC train #3867, the 6:29pm from Princeton Junction is up to 10 min. late due to congestion from train #3955 ahead."
72,1558145216,2019-05-17 22:06:56+00:00,2019,5,17,1129508627012816896,"NEC train #3862, the 5:46pm from Newark Penn Station is up to 20 min. late due to overhead wire issues at Newark."
73,1558143141,2019-05-17 21:32:21+00:00,2019,5,17,1129499922909335552,"NJ TRANSIT Rail Service for Memorial Day Weekend - Friday, May 24 to Monday, May 27, 2019 https://t.co/5buRIFYbN0"
74,1558142852,2019-05-17 21:27:32+00:00,2019,5,17,1129498711179038725,"NEC train #3961, the 6:39pm from PSNY, is cancelled Friday 5/17 due to engineer availability. Customers to train #3… https://t.co/ANn6PztBVz"
75,1558137140,2019-05-17 19:52:20+00:00,2019,5,17,1129474754526797830,"Update correction: NEC train #3943, the 4:13pm from PSNY, will operate today 5/17."
76,1558137001,2019-05-17 19:50:01+00:00,2019,5,17,1129474171224961031,"Update: NJCL train #3943, the 4:13pm from PSNY, will operate today 5/17."
77,1558133488,2019-05-17 18:51:28+00:00,2019,5,17,1129459434957234176,"NEC train #3943, the 4:13pm from PSNY, is cancelled Friday 5/17 due to engineer availability. Customers to train 3861, the 4:30pm from PSNY."
78,1558117846,2019-05-17 14:30:46+00:00,2019,5,17,1129393829742874624,Newark Penn Station: Track 1 Elevator Temporarily Out of Service - Effective Immediately https://t.co/uzwvvGF4yT
79,1558108941,2019-05-17 12:02:21+00:00,2019,5,17,1129356476219367426,"NEC train #3932, the 8:26am from Trenton is cancelled Friday, 5/17 due to manpower shortage. Customers to train #39… https://t.co/oB2hsne1uz"
80,1558068279,2019-05-17 00:44:39+00:00,2019,5,17,1129185929778946048,"NEC train #3881, the 8:34pm from Metuchen, is up to 15 min. late due to earlier congestion."
81,1558059097,2019-05-16 22:11:37+00:00,2019,5,16,1129147418858201088,"Update: NEC train #3871, the 5:51pm from PSNY is up to 15 min. late due to an Amtrak signal issue in PSNY."
82,1558058597,2019-05-16 22:03:17+00:00,2019,5,16,1129145318631567360,"NEC train #3871, the 5:51pm from PSNY is subject to up to 15 min. delay due to an Amtrak signal issue in PSNY."
83,1558046486,2019-05-16 18:41:26+00:00,2019,5,16,1129094521202061313,"NEC train #3848, the 2:27pm from Secaucus is up to 10 min. late due to congestion from train #6238."
84,1558038286,2019-05-16 16:24:46+00:00,2019,5,16,1129060128806903808,"NEC train #3837, the 12:17pm from Princeton Junction is up to 10 min. late due to congestion from Amtrak A125 ahead."
85,1557990247,2019-05-16 03:04:07+00:00,2019,5,16,1128858641174548481,"Update: NEC train #3886, the 10:19pm from Edison, is up to 35min. late due to earlier police activity."
86,1557990113,2019-05-16 03:01:53+00:00,2019,5,16,1128858079184019456,"Update: NEC train #3889, the 10:25pm from Edison, is up to 35min. late due to earlier police activity."
87,1557989537,2019-05-16 02:52:17+00:00,2019,5,16,1128855659812917251,"NEC train #3889, the 10:25pm from Edison, is up to 25min. late due to police activity."
88,1557989231,2019-05-16 02:47:11+00:00,2019,5,16,1128854377417068544,"NEC train #3886, the 10:19pm from Princeton Junction, is up to 20min. late due to police activity."
89,1557974086,2019-05-15 22:34:46+00:00,2019,5,15,1128790853680599040,"NEC train #3867, the 6:29pm from Princeton Junction is up to 10 min. late due to congestion from train #3955 ahead."
90,1557971607,2019-05-15 21:53:27+00:00,2019,5,15,1128780458131623936,"NEC train #3725, the 5:49pm from Metropark is up to 10 min. late due to congestion from late train #3511."
91,1557934255,2019-05-15 11:30:55+00:00,2019,5,15,1128623790211117057,"NEC train #3718, the 8:40am from Jersey Ave., is cancelled at Jersey Ave only, due to manpower shortage. Customers… https://t.co/5ChKU92TgQ"
92,1557930937,2019-05-15 10:35:37+00:00,2019,5,15,1128609874122813442,"NEC train #3709, the 7:27am from PSNY is cancelled Wednesday, 5/15 due to manpower shortage. Customers to train #37… https://t.co/KatLoB4pAi"
93,1557927331,2019-05-15 09:35:31+00:00,2019,5,15,1128594752159518720,"NEC train #3812, the 5:21am from Trenton, has been cancelled due to an operational issue. Customers to train #3814… https://t.co/pfLn8C6BIE"
94,1557795449,2019-05-13 20:57:29+00:00,2019,5,13,1128041597495590912,"NEC train #3864, the 4:44pm from Trenton, is up to 15 min. late due to equipment availability."
95,1557793964,2019-05-13 20:32:44+00:00,2019,5,13,1128035366999678976,"Northeast Corridor, North Jersey Coast Line &amp; Morris &amp; Essex Lines: Possible Delays due to Track Wor... https://t.co/VtHwsg5Pus"
96,1557789133,2019-05-13 19:12:13+00:00,2019,5,13,1128015105181003776,"NEC train #3849, the 3:00pm from Edison, is up to 15 min. late due to congestion from an earlier late Amtrak train A93 ahead."
97,1557760764,2019-05-13 11:19:24+00:00,2019,5,13,1127896116383682560,"MetLife Stadium: NJ TRANSIT Offers Shuttle Service for BTS Concert - Saturday, May 18 &amp; Sunday, May 19, 2019 https://t.co/7XjAaZvKWV"
98,1557760053,2019-05-13 11:07:33+00:00,2019,5,13,1127893136523526144,"NEC train #3815, the 6:57am from Metuchen is up to 10 min. late due to earlier police assistance at Rahway."
99,1557526820,2019-05-10 18:20:20+00:00,2019,5,10,1126914887488344066,"NEC train #3843, the 1:59pm from Hamilton is up to 15 min. late due to mechanical problem."
100,1557522122,2019-05-10 17:02:02+00:00,2019,5,10,1126895180169273345,"NEC #3839, the 12:56pm from Princeton Junction is up to 10 min. late due to congestion from Amtrak A91."
101,1557520994,2019-05-10 16:43:14+00:00,2019,5,10,1126890449325760513,Hamilton Station: Outbound (Westbound) Elevator Temporarily Out of Service - Effective Immediately https://t.co/2AxzrSZ52o
102,1557510929,2019-05-10 13:55:29+00:00,2019,5,10,1126848232062160896,"Elizabeth Station: Eastbound Walkway &amp; Staircase Temporarily Closed for Construction - Wednesday, Ma... https://t.co/mJMYYjxyjn"
103,1557463444,2019-05-10 00:44:04+00:00,2019,5,10,1126649067122102272,"NEC train #3965, the 8:34pm from Jersey Ave., is up to 10 min. late due to an earlier speed restriction."
104,1557446728,2019-05-09 20:05:28+00:00,2019,5,9,1126578954700296194,"NEC train #3853, the 3:52pm from Metropark is up to 10 min. late due to a speed restriction."
105,1557444570,2019-05-09 19:29:30+00:00,2019,5,9,1126569904562425856,"Update: NEC train #3937, the 3:14pm from Newark Penn Station is up to 15 min. late due to earlier police assistance at Newark Penn Station."
106,1557444259,2019-05-09 19:24:19+00:00,2019,5,9,1126568600758779904,"NEC train #3937, the 3:14pm from Newark Penn Station is subject to up to 10 min. delay due to police assistance at Newark Penn Station."
107,1557443594,2019-05-09 19:13:14+00:00,2019,5,9,1126565810997276672,"NJ TRANSIT to Host Customer Forum at Penn Station New York - Thursday, May 16, 2019 https://t.co/E4wwFoPYZj"
108,1557443473,2019-05-09 19:11:13+00:00,2019,5,9,1126565301540278272,"NJ TRANSIT to Host Customer Forum at Hoboken Station - Wednesday, May 15, 2019 https://t.co/47JYXewumV"
109,1557419575,2019-05-09 12:32:55+00:00,2019,5,9,1126465066927370240,"NEC train #3711, the 8:20am from Metuchen, is up to 15 min. late due to a speed restriction."
110,1557411266,2019-05-09 10:14:26+00:00,2019,5,9,1126430215671091200,"Update: NEC train #3708, the 6:52am from Jersey Ave, will operate today,  5/9/19."
111,1557410122,2019-05-09 09:55:22+00:00,2019,5,9,1126425418360340480,"NEC train #3708, the 6:52am from Jersey Ave is cancelled Thursday, 5/9 due to mechanical problems. Customers to tra… https://t.co/OIuSw3epG8"
112,1557409761,2019-05-09 09:49:21+00:00,2019,5,9,1126423904963133440,"NEC train #3701, the 5:41am from PSNY is cancelled Thursday, 5/9 due to mechanical problems. Customers to train #3705, the 6:31am from PSNY."
113,1557362010,2019-05-08 20:33:30+00:00,2019,5,8,1126223621515567109,"NEC train #3855, the 4:23pm from New Brunswick is up to 10 min. late due to a speed restriction near Metuchen."
114,1557347874,2019-05-08 16:37:54+00:00,2019,5,8,1126164333719891969,"NEC train #3839, the 12:26pm from Metuchen is up to 10 min. late due to a speed restriction near Metuchen."
115,1557346722,2019-05-08 16:18:42+00:00,2019,5,8,1126159499524562944,UPDATE: Elizabeth Station: Westbound (Outbound) Elevator Returned to Service - Effective Immediately https://t.co/oxnzwDbiBo
116,1557334571,2019-05-08 12:56:11+00:00,2019,5,8,1126108533341196290,Elizabeth Station: Westbound (Outbound) Elevator Temporarily Out of Service - Effective Immediately https://t.co/oxnzwDbiBo
117,1557283812,2019-05-07 22:50:12+00:00,2019,5,7,1125895634337304576,"Update: NEC train #3873, the 6:30pm from Newark Penn Station is up to 20 min. late due to earlier mechanical problems."
118,1557283535,2019-05-07 22:45:35+00:00,2019,5,7,1125894472699711489,"NEC train #3873, the 6:30pm from Newark Penn Station is subject to up to 20 min. delay due to mechanical problems."
119,1557283191,2019-05-07 22:39:51+00:00,2019,5,7,1125893031364894720,"NEC train #3867, the 6:29pm from Princeton Junction is up to 10 min. late due to congestion from train #3955 ahead."
120,1557282300,2019-05-07 22:25:00+00:00,2019,5,7,1125889293145268224,"Update: NEC train #3873, the 6:14pm from PSNY is up to 10 min. late due to earlier mechanical problems."
121,1557282164,2019-05-07 22:22:44+00:00,2019,5,7,1125888722384429057,"NEC train #3873, the 6:14pm from PSNY is subject to up to 10 min. delay due to mechanical problems."
122,1557281701,2019-05-07 22:15:01+00:00,2019,5,7,1125886781692502018,"NEC train #3951, the 6:07pm from Princeton Junction is up to 10 min. late due to congestion from Amtrak train A193 ahead."
123,1557276985,2019-05-07 20:56:25+00:00,2019,5,7,1125867002604736513,UPDATE: Trenton Transit Center: Inbound (Eastbound) Elevator Returned to Service - Effective Immediately https://t.co/F6PORQO0x0
124,1557271719,2019-05-07 19:28:39+00:00,2019,5,7,1125844913139191808,"NEC train #3154, the 3:17pm from Metropark is up to 10 min. late due to congestion from Amtrak A2166 ahead at Metropark."
125,1557268372,2019-05-07 18:32:52+00:00,2019,5,7,1125830876896681984,Trenton Transit Center: Inbound (Eastbound) Elevator Serving Tracks 1 and 2 Temporarily Out of Servi... https://t.co/F6PORQO0x0
126,1557261812,2019-05-07 16:43:32+00:00,2019,5,7,1125803361780084741,"NEC train #3844, the 12:34pm from Princeton Junction is up to 10 min. late due congestion from Amtrak A182."
127,1557257372,2019-05-07 15:29:32+00:00,2019,5,7,1125784737480572929,UPDATE: Elizabeth Station: Inbound (Eastbound) Elevator Returned to Service - Effective Immediately https://t.co/stMH4OwQ5w
128,1557249757,2019-05-07 13:22:37+00:00,2019,5,7,1125752800036687877,"Newark Penn Station: Temporary Track Changes - Beginning Monday, May 20, 2019 https://t.co/Js3DnvO77N"
129,1557247353,2019-05-07 12:42:33+00:00,2019,5,7,1125742714887262213,Elizabeth Station: Inbound (Eastbound) Elevator Temporarily Out of Service - Effective Immediately https://t.co/stMH4OwQ5w
130,1557195102,2019-05-06 22:11:42+00:00,2019,5,6,1125523558803886081,"NEC train #3951, the 6:07pm from Princeton Junction is up to 10 min. late due to congestion from Amtrak train A193 ahead."
131,1557185687,2019-05-06 19:34:47+00:00,2019,5,6,1125484069062610944,Secaucus Junction: Escalator 7 Serving Tracks G &amp; H Temporarily Out of Service - Effective Immediately https://t.co/qLQ2Yy3WH7
132,1557178643,2019-05-06 17:37:23+00:00,2019,5,6,1125454524343377920,"NEC train #3843, the 1:21pm from Metuchen, is up to 15 min. late due to a speed restriction."
133,1557173647,2019-05-06 16:14:07+00:00,2019,5,6,1125433570988908544,UPDATE: New Brunswick Station: Inbound (Eastbound) Elevator Returned to Service - Effective Immediately https://t.co/as72l3DcVj
134,1557103387,2019-05-05 20:43:07+00:00,2019,5,5,1125138879516950529,"NEC train #7846, the 4:33pm from Secaucus is up to 10 min. late due to congestion from Amtrak train A96."
135,1557088700,2019-05-05 16:38:20+00:00,2019,5,5,1125077277233037314,"Update: NEC train #7834, the 12:17pm from Trenton is up to 20 min. late due to earlier equipment availability."
136,1557087472,2019-05-05 16:17:52+00:00,2019,5,5,1125072128552898560,"NEC train #7834, the 12:17pm from Trenton is subject to up to 15 min. delay due to equipment availability."
137,1557083095,2019-05-05 15:04:55+00:00,2019,5,5,1125053766330400768,"Update: NEC train #7833, the 10:14am from PSNY is subject up to 50 min. late due to an earlier Amtrak overhead wire… https://t.co/LIku9L96zc"
138,1557081733,2019-05-05 14:42:13+00:00,2019,5,5,1125048054850232322,"Update: NEC train #7833, the 10:14am from PSNY is subject to up to 35 min. delay due to an earlier Amtrak overhead… https://t.co/Lp4uY8fQhU"
139,1557080989,2019-05-05 14:29:49+00:00,2019,5,5,1125044934392930306,"NEC train #7833, the 10:14am from PSNY is subject to up to 20 min. delay due to overhead wire issues in PSNY."
140,1557020061,2019-05-04 21:34:21+00:00,2019,5,4,1124789384182673413,"NEC train #7859, the 5:32pm from Metropark is up to 15 min. late due to a speed restriction near Portal bridge."
141,1557011603,2019-05-04 19:13:23+00:00,2019,5,4,1124753907736035334,"NEC train #7840, the 3:01pm from Elizabeth is up to 10 min. late due to earlier congestion from late train #7838 ahead."
142,1557007740,2019-05-04 18:09:00+00:00,2019,5,4,1124737706649628672,"NEC train #7845, the 1:57pm from Metropark is up to 10 min. late due to speed restriction near Portal bridge."
143,1557007439,2019-05-04 18:03:59+00:00,2019,5,4,1124736444499668998,"Update: NEC train #7838, the 1:18pm from Trenton is up to 40 min. late due to earlier mechanical problems."
144,1557007317,2019-05-04 18:01:57+00:00,2019,5,4,1124735934103269376,"NEC train #7838, the 1:18pm from Trenton is up to 40 min. late due to operational issues."
145,1556999615,2019-05-04 15:53:35+00:00,2019,5,4,1124703627908722688,"NEC train #7837, the 11:37am from EWR is up to 15 min. late due to an earlier mechanical problem."
146,1556996361,2019-05-04 14:59:21+00:00,2019,5,4,1124689979807010816,"NEC train #7833, the 10:48am from Linden is up to 10 min. late due to late train #7233 ahead."
147,1556994308,2019-05-04 14:25:08+00:00,2019,5,4,1124681369010016262,"NEC train #7829, the 10:11am from New Brunswick is up to 15 min. late due to earlier congestion."
148,1556945202,2019-05-04 00:46:42+00:00,2019,5,4,1124475404385947649,"NEC train #3881, the 8:29pm from Metro Park is up to 15 min. late due to earlier equipment availability."
149,1556944958,2019-05-04 00:42:38+00:00,2019,5,4,1124474380115955714,NEC train #3885 the 8:37pm from PSNY is cancelled due to a mechanical problem. Customers to train #3887 the 9:06pm from PSNY.
150,1556935999,2019-05-03 22:13:19+00:00,2019,5,3,1124436801643601920,"NEC train #3951, the 6:07pm from Princeton Junction is up to 10 min. late due to congestion from Amtrak train A193 ahead."
151,1556931411,2019-05-03 20:56:51+00:00,2019,5,3,1124417561356062720,"NEC train #3947, the 4:41pm from PSNY is up to 15 min. late due to earlier mechanical problems."
152,1556924104,2019-05-03 18:55:04+00:00,2019,5,3,1124386913492918278,"NEC train #3849, the 2:45pm from Rahway is up to 10 min. late due to a speed restriction near Linden."
153,1556912047,2019-05-03 15:34:07+00:00,2019,5,3,1124336341918072833,"Northeast Corridor, North Jersey Coast Line &amp; Morris &amp; Essex Lines: Possible Delays due to Track Wor... https://t.co/qNCyftloaz"
154,1556902088,2019-05-03 12:48:08+00:00,2019,5,3,1124294571448569863,"Correction: NEC train #3126, the 8:17am from Secaucus, was cancelled due to a mechanical problem. Customers to trai… https://t.co/Hp8vs5dtur"
155,1556860955,2019-05-03 01:22:35+00:00,2019,5,3,1124122046089367553,"NEC train #3883, the 9:10pm from New Brunswick, is up to 15 min. late due to late Amtrak train A175 ahead."
156,1556855156,2019-05-02 23:45:56+00:00,2019,5,2,1124097722137575424,"NEC train #3875, the 7:38pm from Metuchen, is up to 15 min. late due to earlier congestion."
157,1556844236,2019-05-02 20:43:56+00:00,2019,5,2,1124051921541771278,"NEC train #3860, the 4:31pm from New Brunswick is up to 10 min. late due to low-level platforming at Hamilton and Princeton Junction."
158,1556843587,2019-05-02 20:33:07+00:00,2019,5,2,1124049197253234688,"NEC train #3855, the 4:23pm from New Brunswick, is up to 10 min. late due to an earlier speed restriction."
159,1556841701,2019-05-02 20:01:41+00:00,2019,5,2,1124041286934249472,"Update: NEC train #3853, the 3:52pm from Metropark is up to 10 min. late due to speed restrictions."
160,1556841545,2019-05-02 19:59:05+00:00,2019,5,2,1124040632203399168,"NEC train #3853, the 3:52pm from Matropark is up to 10 min. late due to speed restrictions."
161,1556841099,2019-05-02 19:51:39+00:00,2019,5,2,1124038761975824384,"NEC train #3937, the 3:39pm from New Brunswick is up to 10 min. late due to congestion from late train #3719 ahead."
162,1556839617,2019-05-02 19:26:57+00:00,2019,5,2,1124032545987997699,"Update: NEC train #3719, the 3:09pm from Rahway is up to 15 min. late due to speed restrictions."
163,1556839285,2019-05-02 19:21:25+00:00,2019,5,2,1124031153969799168,"NEC train #3719, the 3:09pm from Rahway is up to 10 min. late due to speed restictions."
164,1556838124,2019-05-02 19:02:04+00:00,2019,5,2,1124026287088177152,"NEC train #3849, the 2:51pm from Metropark is up to 10 min. late due to speed restrictions."
165,1556836514,2019-05-02 18:35:14+00:00,2019,5,2,1124019531096182784,"NEC train #3852, the 2:22pm from Princeton Junction is up to 15 min. late due to low-level platforming at Hamilton and Princeton Junction."
166,1556834251,2019-05-02 17:57:31+00:00,2019,5,2,1124010041458216961,"Update: NEC train #3848,the 1:22pm from Princeton Junction is up to 35 min. late due to low-level platforming at Ha… https://t.co/Qwmo5DHwQF"
167,1556832554,2019-05-02 17:29:14+00:00,2019,5,2,1124002923288121347,"NEC train #3848,the 1:15pm from Hamilton is up to 15 min. late due to low-level platforming at Hamilton and Princeton Junction."
168,1556832312,2019-05-02 17:25:12+00:00,2019,5,2,1124001909721980929,"NEC train #3846, the 1:05pm from Princeton Jct., is cancelled Thursday, 5/2 due to overhead wire issues. Customers… https://t.co/kwVIzd0t8I"
169,1556826423,2019-05-02 15:47:03+00:00,2019,5,2,1123977209293737985,"NEC train #3836, the 11:31am from Secaucus is up to 15 min. late due to a speed restriction."
170,1556821763,2019-05-02 14:29:23+00:00,2019,5,2,1123957663270866945,"NEC train #3829, the 10:11am from Edison, is up to 20 min. late due to a speed restriction."
171,1556771378,2019-05-02 00:29:38+00:00,2019,5,2,1123746331858751489,NEC train #3887 the 9:06pm from PSNY is cancelled due to a mechanical problem. Customers to train #3889 the 9:35pm from PSNY.
172,1556763523,2019-05-01 22:18:43+00:00,2019,5,1,1123713384384540674,"NEC train #3951, the 6:07pm from Princeton Junction is up to 10 min. late due to congestion from Amtrak train A193 ahead."
173,1556763350,2019-05-01 22:15:50+00:00,2019,5,1,1123712658610507777,"NEC train #3953, the 6:22pm from Princeton Junction is up to 10 min. late due to earlier congestion from #3867."
174,1556762284,2019-05-01 21:58:04+00:00,2019,5,1,1123708188438745089,"NEC train #3867, the 5:58pm from Metropark is up to 10 min. late due to earlier mechanical problems."
175,1556755284,2019-05-01 20:01:24+00:00,2019,5,1,1123678830860877824,"Newark Penn Station - Northeast Corridor, North Jersey Coast Line &amp; Raritan Valley Line: Temporary T... https://t.co/V0FcpJeltA"
176,1556754580,2019-05-01 19:49:40+00:00,2019,5,1,1123675876254801925,"NEC train #3898, the 5:31pm from Trenton is cancelled Wednesday, 5/1 due to mechanical problems. Customers to train… https://t.co/j2Bvr5Lnpw"
177,1556743808,2019-05-01 16:50:08+00:00,2019,5,1,1123630694662639618,"NEC train #3841, the 12:38pm from Rahway is up to 10 min. late due to a speed restriction near Newark."
178,1556743222,2019-05-01 16:40:22+00:00,2019,5,1,1123628237576462337,"NEC train #3839, the 12:31pm from Edison is up to 10 min. late due to a speed restriction near Newark."
179,1556742567,2019-05-01 16:29:27+00:00,2019,5,1,1123625490869379073,"NEC train #3842, the 12:20pm from New Brunswick is up to 15 min. late due to a mechanical problem."
180,1556735247,2019-05-01 14:27:27+00:00,2019,5,1,1123594787049943045,"NEC train #3829, the 10:15am from New Brunswick, is up to 15 min. late due to a speed restriction."
181,1556727459,2019-05-01 12:17:39+00:00,2019,5,1,1123562122259128320,"NEC train #3821, the 8:07am from Edison, is up to 15 min. late due to a speed restriction."
182,1556716721,2019-05-01 09:18:41+00:00,2019,5,1,1123517082665140225,"NEC train #3910, the 5:06am from Trenton, is up to 15 min. late due to earlier mechanical problems."
183,1556683572,2019-05-01 00:06:12+00:00,2019,5,1,1123378048773046272,"Update: NEC train #3881, the 7:52pm from Secaucus, is up to 20 min. late due to mechanical problems."
184,1556683452,2019-05-01 00:04:12+00:00,2019,5,1,1123377542348587009,"NEC train #3881, the 7:52pm from Secaucus, is up to 15 min. late due to equipment availability."
185,1556678335,2019-04-30 22:38:55+00:00,2019,4,30,1123356081739173894,"NEC train #3867 ,the 6:29pm from Princeton Junction is up to 10 min. late due to congestion from train #3955 ahead."
186,1556675038,2019-04-30 21:43:58+00:00,2019,4,30,1123342251902558211,"NEC train #3738, the 5:37pm from Metropark is up to 10 min. late due to equipment availability."
187,1556673866,2019-04-30 21:24:26+00:00,2019,4,30,1123337336052436993,"NEC train #3947, the 5:34pm from Princeton Junction is cancelled due to equipment availability. Customers to train… https://t.co/lfDY0Ac5Q3"
188,1556673001,2019-04-30 21:10:01+00:00,2019,4,30,1123333710965874689,NEC train #3721 the 4:57pm from Edison is up to 15 min. late due to additional stops made.
189,1556668844,2019-04-30 20:00:44+00:00,2019,4,30,1123316275378307072,"Update: NEC train #3154, the 3:46pm from Newark Penn Station is cancelled due to a trespasser fatality. Customers t… https://t.co/lerXGZyav1"
190,1556668611,2019-04-30 19:56:51+00:00,2019,4,30,1123315295094026240,"NEC train #3154, the 3:46pm from Newark Penn Station is up cancelled due to a trespasser incident. Customers to tra… https://t.co/ZmXvpa599j"
191,1556664205,2019-04-30 18:43:25+00:00,2019,4,30,1123296816831893504,"Update: NEC train #3850, the 2:21pm from Metuchen is up to 20 min. late due to earlier mechanical problems at Metuchen."
192,1556663618,2019-04-30 18:33:38+00:00,2019,4,30,1123294353101938688,"NEC train #3850, the 2:21pm from Metuchen is subject to 15 min. delay due to mechanical problems at Metuchen."
193,1556649605,2019-04-30 14:40:05+00:00,2019,4,30,1123235580643618817,"NEC train #3829, the 10:31am from Princeton Jct., is up to 20 min. late due to a speed restriction."
194,1556644917,2019-04-30 13:21:57+00:00,2019,4,30,1123215916177739776,"Correction: NEC train #3834, the 9:52am from Trenton, is cancelled Tuesday 4/30, due to equipment availability. Cus… https://t.co/vFufNcWd7w"
195,1556639478,2019-04-30 11:51:18+00:00,2019,4,30,1123193102632660999,"NEC train #3124, the 7:47am from Newark Penn Station is up to 20 min. late due to earlier mechanical problems."
196,1556602285,2019-04-30 01:31:25+00:00,2019,4,30,1123037105020637189,"NEC train #3882, the 9:09pm from Trenton, was cancelled due to mechanical problems. Customers to train #3984 from Princeton Jct."
197,1556593097,2019-04-29 22:58:17+00:00,2019,4,29,1122998566224527360,NEC train #3961 the 6:55pm from Newark Penn Station is up to 10 min. late due to equipment availability.
198,1556592949,2019-04-29 22:55:49+00:00,2019,4,29,1122997947057225729,"NEC train #3961, the 6:55pm from Newark Penn Station is up to 10 min. late due to earlier equipment availability."
199,1556579103,2019-04-29 19:05:03+00:00,2019,4,29,1122939871570669568,Update:Northeast Corridor and North Jersey Coast Line rail service is operating on or close to schedule with residu… https://t.co/kIBX3hhUn7
200,1558840384,2019-05-25 23:13:04+00:00,2019,5,25,1132424374080999426,"NEC train #7867, the 7:03pm from PSNY was cancelled Saturday, 5/25 due to engineer availability. Customers to train… https://t.co/rZSxOwwV4f"
201,1558792188,2019-05-25 09:49:48+00:00,2019,5,25,1132222225380257792,"NEC train #7813 the 5:19am from Secaucus has been cancelled Saturday, 5/25 due to mechanical problems. customers to… https://t.co/Mt6v6hWwXT"
202,1558761520,2019-05-25 01:18:40+00:00,2019,5,25,1132093592879685633,Rail service in and out of Penn Station New York is operating on or close to schedule with residual delays to train… https://t.co/sFUZnahYEC
203,1558755673,2019-05-24 23:41:13+00:00,2019,5,24,1132069069384028160,"NEC train #3875, the 7:14pm from North Elizabeth, is up to 25 min. late due to heavy holiday travel."
204,1558754116,2019-05-24 23:15:16+00:00,2019,5,24,1132062538873675781,Rail service in and out of Penn Station New York is subject to delays of up to 15 minutes due to congestion from holiday travel.
205,1558748609,2019-05-24 21:43:29+00:00,2019,5,24,1132039438400446464,"NEC train #3861, the 5:45pm from Princeton Jct., is up to 10 min. late due to heavy travel."
206,1558745209,2019-05-24 20:46:49+00:00,2019,5,24,1132025178349871105,"NEC train #3864, the 4:44pm from Trenton, may be subject to up to a 15 min. delay due to mechanical problems."
207,1560343180,2019-06-12 08:39:40+00:00,2019,6,12,1138727554922102784,"NEC train #3702, 5:26am from Jersey Ave is cancelled Wednesday, 6/12 due to equipment availability. Customers to tr… https://t.co/Z25yymT8Mh"
208,1560305954,2019-06-11 22:19:14+00:00,2019,6,11,1138571420294942722,"NEC train #3951, the 6:07pm from Princeton Junction is up to 10 min. late due to congestion from Amtrak train A193 ahead."
209,1560228610,2019-06-11 00:50:10+00:00,2019,6,11,1138247015907954690,"NEC train #3965, the 8:48pm from Princeton Junction, is up to 15 min. late due to earlier congestion from Amtrak A175 ahead."
210,1560225490,2019-06-10 23:58:10+00:00,2019,6,10,1138233926470774792,"Update: NEC train #3733, the 7:30pm from Secaucus, was cancelled due to mechanical problems. Customers to train #38… https://t.co/eKksY9ysSL"
211,1560224721,2019-06-10 23:45:21+00:00,2019,6,10,1138230701667602433,"NEC train #3733, the 7:30pm from Secaucus, is subject to up to a 25 min. delay due to mechanical problems."
212,1560220762,2019-06-10 22:39:22+00:00,2019,6,10,1138214096451620864,"NEC train #3871, the 6:25pm from Rahway is up to 15 min. late due to earlier congestion from late train #3269."
213,1560220584,2019-06-10 22:36:24+00:00,2019,6,10,1138213352726048768,"NEC train #3871, the 6:25pm from Rahway is up to 10 min. late due to earlier congestion from late train #3269."
214,1560219467,2019-06-10 22:17:47+00:00,2019,6,10,1138208665088008192,"NEC train #3951, the 6:07pm from Princeton Junction is up to 10 min. late due to congestion from Amtrak A193 ahead."
215,1560216446,2019-06-10 21:27:26+00:00,2019,6,10,1138195995546836992,"NEC train #3866, the 5:17pm from Princeton Junction is up to 10 min. late due to congestion from Amtrak train A42 ahead."
216,1560196143,2019-06-10 15:49:03+00:00,2019,6,10,1138110839003762688,"NEC train #3836, the 11:44am PSNY arrival is up to 15 min. late due to single tracking in one of the Hudson River t… https://t.co/EJXd8xr72K"
217,1560192948,2019-06-10 14:55:48+00:00,2019,6,10,1138097435580993536,UPDATE: Trenton Transit Center: Inbound (Eastbound) Elevator Returned to Service - Effective Immediately https://t.co/P6BxcBRm2C
218,1560190035,2019-06-10 14:07:15+00:00,2019,6,10,1138085218114519040,"Northeast Corridor, North Jersey Coast Line &amp; Morris &amp; Essex Lines: Possible Delays due to Track Wor... https://t.co/bpznTrjbHu"
219,1560188531,2019-06-10 13:42:11+00:00,2019,6,10,1138078911215144966,"NEC train #3936, the 9:27am from Hamilton, is up to 15 min. late due to equipment availability."
220,1560131928,2019-06-09 21:58:48+00:00,2019,6,9,1137841499369037824,"NEC train #7861, the 5:50pm from Linden is up to 10 min. late due to heavy customer travel."
221,1560126215,2019-06-09 20:23:35+00:00,2019,6,9,1137817540695080960,"NJCL train #7257, the 4:16pm from Secaucus is up to 15 min. late due to earlier mechanical problems in PSNY."
222,1560125938,2019-06-09 20:18:58+00:00,2019,6,9,1137816378319224832,Trenton Transit Center: Inbound (Eastbound) Elevator Serving Tracks 1 and 2 Temporarily Out of Servi... https://t.co/P6BxcBRm2C
223,1560125763,2019-06-09 20:16:03+00:00,2019,6,9,1137815642483122176,UPDATE: Edison Station: Outbound (Westbound) Elevator Returned to Service - Effective Immediately https://t.co/kAQYuOQqWG
224,1560121373,2019-06-09 19:02:53+00:00,2019,6,9,1137797229048213505,"NEC train #7859, the 4:54pm from PSNY, is cancelled Sunday 6/9 due to engineer availability. Customers to train #7861, the 5:14pm from PSNY."
225,1560118651,2019-06-09 18:17:31+00:00,2019,6,9,1137785812312047617,"NEC train #7657, the 3:56pm from PSNY, is cancelled Sunday 6/9 due to engineer availability. Customers to train #72… https://t.co/T4ms5h7GLn"
226,1560111411,2019-06-09 16:16:51+00:00,2019,6,9,1137755444640964608,"NEC train #7836, the 12:57pm from Trenton is cancelled Sunday 6/9 due to engineer availability. Customers to train… https://t.co/z0bEtr0vgG"
227,1560099907,2019-06-09 13:05:07+00:00,2019,6,9,1137707193808097280,"NEC train #7825, the 8:14am from PSNY was cancelled Sunday, 6/9 due to engineer availability. Customers to train #7… https://t.co/Myi7DX6Guv"
228,1560085609,2019-06-09 09:06:49+00:00,2019,6,9,1137647226673598464,"NEC train #7808, the 5:57am from Trenton is cancelled Sunday, 6/8 due to engineer availability. Customers to train… https://t.co/XLvdseaYzH"
229,1560045452,2019-06-08 21:57:32+00:00,2019,6,8,1137478795743649793,"NEC train #7859, the 5:42pm from Edison is up to 15 min. late due to track maintenance."
230,1560039046,2019-06-08 20:10:46+00:00,2019,6,8,1137451924142399489,"NEC train #7853, the 3:58pm from Metropark is up to 10 min. late due to track maintenance."
231,1560026638,2019-06-08 16:43:58+00:00,2019,6,8,1137399881050537986,"NEC train #7830, the 12:32pm from Secaucus is up to 10 min. late due to track maintenance."
232,1560022355,2019-06-08 15:32:35+00:00,2019,6,8,1137381918473891840,"NJCL train #7632, the 12:42pm from Rahway is cancelled due to equipment availability. Customers to train #7232, the 1:00pm from Rahway."
233,1559967496,2019-06-08 00:18:16+00:00,2019,6,8,1137151821993189376,"NEC train #3963, the 8:01pm from Jersey Ave., is up to 20 min. late due to making additional stops for earlier cancelled train #3875."
234,1559966196,2019-06-07 23:56:36+00:00,2019,6,7,1137146369293074432,"Update #2: NEC train #3969, the 8:16pm from PSNY is cancelled Friday, 6/7 due to engineer availability. Customers t… https://t.co/wpbA7WaIGz"
235,1559964106,2019-06-07 23:21:46+00:00,2019,6,7,1137137606217687040,"Update: NEC train #3969, the 8:16pm from PSNY, will operate today, Friday 6/7."
236,1559962404,2019-06-07 22:53:24+00:00,2019,6,7,1137130466170028032,"NEC train #3969, the 8:16pm from PSNY, is cancelled Friday 6/7 due to engineer availability. Customers to train #3885, the 8:37pm from PSNY."
237,1559959938,2019-06-07 22:12:18+00:00,2019,6,7,1137120123150577664,"Update: NEC train #3871, the 5:51pm from PSNY is up to 20 min. late due to congestion from earlier disabled train #6651."
238,1559959382,2019-06-07 22:03:02+00:00,2019,6,7,1137117792161992704,"NEC train #3871, the 5:51pm from PSNY is up to 15 min. late due to congestion from an earlier disabled train #6651."
239,1559959220,2019-06-07 22:00:20+00:00,2019,6,7,1137117110113570828,"3874- NEC train #3874, the 7:04pm from Trenton, is cancelled Friday, 6/7 due to engineer availability. Customers to… https://t.co/Nf8rY9kQp2"
240,1559957739,2019-06-07 21:35:39+00:00,2019,6,7,1137110900090003457,"NEC train #3875, the 6:47pm from PSNY, is cancelled Friday 6/7 due to engineer availability. Customers to train #39… https://t.co/nymA1U43S1"
241,1559957587,2019-06-07 21:33:07+00:00,2019,6,7,1137110262488731648,"Update: NEC train #3943, the 5:09pm from New Brunswick is up to 35 min. late due to earlier police activity."
242,1559957469,2019-06-07 21:31:09+00:00,2019,6,7,1137109766097047552,"NEC train #3957, the 6:01pm from PSNY, is cancelled Friday 6/7 due to engineer availability. Customers to train #3959, the 6:12pm from PSNY."
243,1559956947,2019-06-07 21:22:27+00:00,2019,6,7,1137107575676293121,"NEC train #3943, the 5:09pm from New Brunswick is subject to up to 20 min. delay due to police activity."
244,1559956101,2019-06-07 21:08:21+00:00,2019,6,7,1137104029404844032,Secaucus Junction: Walkway Adjustments due to Road Repairs - Effective Immediately https://t.co/v45IUs9f7R
245,1559608653,2019-06-03 20:37:33+00:00,2019,6,3,1135646725513678849,"NEC train #3855, the 4:28pm from Jersey Ave., is up to 10 min. late due to a mechanical problem."
246,1559953544,2019-06-07 20:25:44+00:00,2019,6,7,1137093302837305347,"NEC train #3738, the 5:37pm from Metropark, is cancelled Friday 6/7 due to engineer availability. Customers to trai… https://t.co/qVveZDbS5L"
247,1559950943,2019-06-07 19:42:23+00:00,2019,6,7,1137082392907321344,"Update: NEC train #3721, the 4:07pm from PSNY, is cancelled Friday 6/7 due to engineer availability. Customers to t… https://t.co/x8oHUR84aU"
248,1559950476,2019-06-07 19:34:36+00:00,2019,6,7,1137080437942226945,"Update: NEC train #3943, the 4:13pm from PSNY will operate today 6/7."
249,1559949601,2019-06-07 19:20:01+00:00,2019,6,7,1137076766932180998,"NEC train #3943, the 4:13pm from PSNY, is cancelled Friday 6/7 due to engineer availability. Customers to train #3861, the 4:30pm from PSNY."
250,1559948962,2019-06-07 19:09:22+00:00,2019,6,7,1137074085496852480,Secaucus Junction: Escalator 25 Temporarily Out of Service - Effective Immediately https://t.co/yejOmMgTvQ
251,1559948935,2019-06-07 19:08:55+00:00,2019,6,7,1137073970937827329,"NEC train 3860, the 4:03pm from Trenton, is cancelled Friday 6/7 due to engineer availability. Customers to train #… https://t.co/c89swQaqyV"
252,1559946874,2019-06-07 18:34:34+00:00,2019,6,7,1137065326896648192,"NEC train #3721, the 4:07pm from PSNY, is cancelled Friday 6/7 due to engineer availability. Customers to train #37… https://t.co/T3vTlA17BK"
253,1559943430,2019-06-07 17:37:10+00:00,2019,6,7,1137050884830126081,"Update: NEC train #3845, the 1:05pm from PSNY, is cancelled due to mechanical issues. Customers to train #3847, the 1:36pm from PSNY."
254,1559942516,2019-06-07 17:21:56+00:00,2019,6,7,1137047050724499458,"NEC train #3845, the 1:05pm from PSNY, is up to 25 min. late due to mechanical issues."
255,1559921615,2019-06-07 11:33:35+00:00,2019,6,7,1136959383013924864,Edison Station: Outbound (Westbound) Elevator Temporarily Out of Service - Effective Immediately https://t.co/kAQYuOQqWG
256,1559887687,2019-06-07 02:08:07+00:00,2019,6,7,1136817078927863809,"NEC Line train #3984, the 10:08pm from Newark Penn, is subject to up to 25 min. late due to operational issues."
257,1559882195,2019-06-07 00:36:35+00:00,2019,6,7,1136794046045667331,"Update: NEC train #3874, the 8:13 pm from North Elizabeth, is up to 20 min. delay due to earlier police assistance."
258,1559881671,2019-06-07 00:27:51+00:00,2019,6,7,1136791847559421952,"NEC train #3874, the 8:13 pm from North Elizabeth, is subject to up to a 30 min. delay due to police assistance."
259,1559881577,2019-06-07 00:26:17+00:00,2019,6,7,1136791454418984962,"NEC train #3742, the 12:02am from Newark Airport, is cancelled Thursday 6/6 due to engineer availability. Customers… https://t.co/DNDZaJXY6G"
260,1559881084,2019-06-07 00:18:04+00:00,2019,6,7,1136789386396393477,"NEC train #3737, the 9:54pm from PSNY, is cancelled Thursday 6/6 due to engineer availability. Customers to train #… https://t.co/DPsuurJTgr"
261,1559817538,2019-06-06 06:38:58+00:00,2019,6,6,1136522855494168576,North Jersey Coast Line rail service has resumed between Matawan and Long Branch in both directions following a tre… https://t.co/7OXOFH7PtZ
262,1559802131,2019-06-06 02:22:11+00:00,2019,6,6,1136458232514433029,North Jersey Coast Line rail service is suspended between Matawan and Long Branch in both directions due to a trespasser strike near Hazlet.
263,1559792026,2019-06-05 23:33:46+00:00,2019,6,5,1136415850200817665,"NEC train #3742, the 12:02 am from Newark Airport, is cancelled Wednesday 6/5 due to engineer availability. Custome… https://t.co/CIXb2FKJ2X"
264,1559791785,2019-06-05 23:29:45+00:00,2019,6,5,1136414836143919105,"NEC train #3737, the 9:54 pm from PSNY, is cancelled Wednesday 6/5 due to engineer availability. Customers to train… https://t.co/fcnxLEh7Uq"
265,1559787431,2019-06-05 22:17:11+00:00,2019,6,5,1136396575876485121,"NEC train #3861, the 5:45pm from Princeton Junction, is up to 35 min. late due to congestion from a delayed train a… https://t.co/AHpMDOG3XM"
266,1559785207,2019-06-05 21:40:07+00:00,2019,6,5,1136387247358533632,"NEC train #3861, the 5:29pm from New Brunswick, is up to 10 min. late due to congestion from a delayed train ahead."
267,1559782274,2019-06-05 20:51:14+00:00,2019,6,5,1136374947281063937,"NEC train #3723, the 4:45 pm from NPS, is up to 15 min. late due to a mechanical problem."
268,1559770778,2019-06-05 17:39:38+00:00,2019,6,5,1136326728085848065,MetLife Stadium: NJ TRANSIT Offers Bus Shuttle Service from Secaucus Junction to MetLife Stadium for... https://t.co/ufVubjHOPk
269,1559767676,2019-06-05 16:47:56+00:00,2019,6,5,1136313718755733506,"NEC train #3839, the 12:43pm from Jersey Ave., is up to 10 min. late due to earlier congestion from an Amtrak train ahead near Metro Park."
270,1559751893,2019-06-05 12:24:53+00:00,2019,6,5,1136247517656571904,"NEC train #3823, the 8:10am from Newark Penn Station is up to 15 min. late due to congestion from train #6611."
271,1559703453,2019-06-04 22:57:33+00:00,2019,6,4,1136044347542188032,"NEC train #3961, the 6:39pm from PSNY, is cancelled due to equipment availability. Customers to train #3175 the 6:37pm from PSNY."
272,1559702115,2019-06-04 22:35:15+00:00,2019,6,4,1136038735051710465,"NEC train #3867, the 6:29pm from Princeton Junction, is up to 10 min. late due to earlier congestion."
273,1559696162,2019-06-04 20:56:02+00:00,2019,6,4,1136013764736757760,North Jersey Coast Line rail service is operating on or close to schedule with residual delays to trains still en r… https://t.co/6uYXOFzSVO
274,1559693915,2019-06-04 20:18:35+00:00,2019,6,4,1136004341922484232,New Brunswick Station: Westbound &amp; Eastbound Platform Elevators Temporarily Closed for Upgrades - Be... https://t.co/twV0AGjUe9
275,1559691802,2019-06-04 19:43:22+00:00,2019,6,4,1135995480398270464,North Jersey Coast Line rail service is subject to up to 20-minute delays in both directions due to signal problems.
276,1559689873,2019-06-04 19:11:13+00:00,2019,6,4,1135987387992031233,North Jersey Coast Line rail service is subject to up to 15-minute delays in both directions due to signal problems.
277,1559673965,2019-06-04 14:46:05+00:00,2019,6,4,1135920665633140736,"NEC train #3831, the 10:31am from Edison is up to 10 min. late due to a speed restriction near Elizabeth."
278,1559665766,2019-06-04 12:29:26+00:00,2019,6,4,1135886274710167552,"NEC train #3711, the 8:15am from Metropark is up to 10 min. late due to earlier congestion from train #3221."
279,1559663766,2019-06-04 11:56:06+00:00,2019,6,4,1135877885422686208,"NEC train #3709, the 7:44am from Newark Penn Station is up to 10 min. late due to late train #3221 ahead."
280,1559622299,2019-06-04 00:24:59+00:00,2019,6,4,1135703962462674944,"NEC train #3895, the 11:06pm from PSNY, will operate Monday, 6/3."
281,1559617590,2019-06-03 23:06:30+00:00,2019,6,3,1135684211304738816,"NEC train #3959, the 6:56pm from New Brunswick, is up to 10 min. late due to congestion from late train #3871 ahead."
282,1559615937,2019-06-03 22:38:57+00:00,2019,6,3,1135677278963281925,"NEC train #3871, the 6:25pm from Rahway, is up to 10 min. late due to earlier congestion from train #3269 ahead."
283,1559613522,2019-06-03 21:58:42+00:00,2019,6,3,1135667149438103552,"3895- NEC train #3895, the 11:06pm from PSNY, has been cancelled Monday, 6/3 due to engineer availability. Customer… https://t.co/o40ixps6vA"
284,1559613443,2019-06-03 21:57:23+00:00,2019,6,3,1135666816905351168,"3293- NJCL train #3293, the 10:20pm from PSNY, is cancelled Monday 6/3 due to engineer availability. Customers to t… https://t.co/gBcxkfp7n8"
285,1559588762,2019-06-03 15:06:02+00:00,2019,6,3,1135563297514827776,"Northeast Corridor, North Jersey Coast Line &amp; Morris &amp; Essex Lines: Possible Delays due to Track Wor... https://t.co/1pdzOoNtd3"
286,1559587667,2019-06-03 14:47:47+00:00,2019,6,3,1135558704751882240,UPDATE: Newark Penn Station: Track 1 Elevator Returned to Service - Effective Immediately https://t.co/VvBEEwOh6S
287,1559584254,2019-06-03 13:50:54+00:00,2019,6,3,1135544388829028352,"NEC train #3936, the 9:35am from Princeton Jct., is up to 15 min. late due to equipment availability."
288,1559582477,2019-06-03 13:21:17+00:00,2019,6,3,1135536935085248512,Secaucus Junction: Escalator 5 Temporarily Out of Service - Effective Immediately https://t.co/QBaMDGd4pN
289,1559580006,2019-06-03 12:40:06+00:00,2019,6,3,1135526571199139842,Newark Penn Station: Track 1 Elevator Temporarily Out of Service - Effective Immediately https://t.co/VvBEEwOh6S
290,1559579323,2019-06-03 12:28:43+00:00,2019,6,3,1135523709261926400,"NEC train #3821, the 8:11am from New Brunswick, is up to 20 min. late due to switch issues."
291,1559569075,2019-06-03 09:37:55+00:00,2019,6,3,1135480722909736960,"Update: NEC train #3918, the 6:23am from Trenton will operate Monday, 6/3."
292,1559567787,2019-06-03 09:16:27+00:00,2019,6,3,1135475323464749057,"NEC train #3918, the 6:23am from Trenton is cancelled Monday, 6/3 due to engineer availability. Customers to train… https://t.co/3cTWW3NYiA"
293,1559566692,2019-06-03 08:58:12+00:00,2019,6,3,1135470728759955457,"NEC train #3702, 5:26am from Jersey Ave is cancelled Monday, 6/3 due to engineer availability. Customers to train #… https://t.co/aRi7Kx2rpW"
294,1559526968,2019-06-02 21:56:08+00:00,2019,6,2,1135304113984552972,"Update: NEC train #7864, the 7:57pm from Trenton, will operate to today, 6/2/19."
295,1559524764,2019-06-02 21:19:24+00:00,2019,6,2,1135294869122035717,"NEC train #7864, the 7:57pm from Trenton, is cancelled today, 6/2/19 due to engineer availability. Customers to tra… https://t.co/aLqlQ5o4nE"
296,1559521642,2019-06-02 20:27:22+00:00,2019,6,2,1135281774689509376,"NEC train #7652, the 6:15pm from Secaucus, is cancelled today, 6/2/19 due to engineer availability. Customers to tr… https://t.co/T1I5Oh3K76"
297,1559521474,2019-06-02 20:24:34+00:00,2019,6,2,1135281070889418754,"NEC train #7859, the 4:54pm from PSNY, is cancelled today, 6/2/19 due to engineer availability. Customers to train… https://t.co/hclP0hnOVP"
298,1559510794,2019-06-02 17:26:34+00:00,2019,6,2,1135236276188262400,2 of 2 making an additional stop at North Elizabeth today.
299,1559510755,2019-06-02 17:25:55+00:00,2019,6,2,1135236111683510272,"1 of 2 NEC train #7657, the 3:56pm from PSNY, is cancelled today, 6/2/19 due to engineer availability. Customers to… https://t.co/T8OTAOek7o"
300,1559355493,2019-05-31 22:18:13+00:00,2019,5,31,1134584894246592512,"NEC train #3951, the 6:07pm from Princeton Jct., is up to 10 min. late due to train A193 ahead."
301,1559348821,2019-05-31 20:27:01+00:00,2019,5,31,1134556911603519488,"NEC train #3855, the 4:19pm from Edison, is up to 10 min. late due to earlier congestion from speed restrictions."
302,1559334134,2019-05-31 16:22:14+00:00,2019,5,31,1134495308841410561,"NEC train #3837, the 12:17pm from Princeton Jct., is up to 15min. late due to an earlier mechanical problem."
303,1559319490,2019-05-31 12:18:10+00:00,2019,5,31,1134433888992944129,"NEC train #3720, the 8:57am from Jersey Ave is cancelled Friday, 5/31 due to mechanical problems. Customers to trai… https://t.co/MYa7unq09b"
304,1559318276,2019-05-31 11:57:56+00:00,2019,5,31,1134428798735343618,"Update: NEC train #3711, the 7:35am from PSNY is cancelled Friday, 5/31 due to mechanical problems. Customers to tr… https://t.co/GgsgXRbyfQ"
305,1559317547,2019-05-31 11:45:47+00:00,2019,5,31,1134425737476366336,"NEC train #3711, the 7:35am from PSNY is up to 15 min. late due to mechanical problems. An update will follow."
306,1559311762,2019-05-31 10:09:22+00:00,2019,5,31,1134401474774077447,"NEC train #3701, the 5:58am from Newark Penn Station, is up to 10 min. late due to an earlier medical emergency."
307,1559308676,2019-05-31 09:17:56+00:00,2019,5,31,1134388532896813056,"NEC train #3806, the 5:01am from Secaucus, is up to 10 min. late due to an earlier medical emergency."
308,1559280406,2019-05-31 01:26:46+00:00,2019,5,31,1134269959893372929,"NEC train #3883, the 9:15pm from Jersey Ave., is up to 15 min. late due to an earlier medical emergency."
309,1559268250,2019-05-30 22:04:10+00:00,2019,5,30,1134218970784043010,"NEC train #3868, the 6:02pm from Trenton, is up to 10min. late due to congestion from late Amtrak trains ahead."
310,1559263409,2019-05-30 20:43:29+00:00,2019,5,30,1134198666523217920,"Secaucus Junction: Escalator 16, Serving Tracks E&amp;F, Temporarily Out of Service - Beginning Monday, June 3, 2019 https://t.co/Z5O9ZviPYV"
311,1559255086,2019-05-30 18:24:46+00:00,2019,5,30,1134163759839305729,Hamilton Station: Escalator 4 Temporarily Out of Service - Effective Immediately https://t.co/eyqN460jJe
312,1559237365,2019-05-30 13:29:25+00:00,2019,5,30,1134089430887800832,Update: NEC train #3827 the 9:12am from Metropark is up to 10 min. late due to equipment availability.
313,1559235396,2019-05-30 12:56:36+00:00,2019,5,30,1134081172223516674,NEC train #3827 the 8:46am from NPS is up to 10 min. late due to equipment availability.
314,1559226531,2019-05-30 10:28:51+00:00,2019,5,30,1134043989513003008,"Amtrak PSNY track work is prompting NJT rail service adjustments on select Montclair-Boonton, Morris &amp; Essex and NJ… https://t.co/87WDSQLpK3"
315,1559189106,2019-05-30 00:05:06+00:00,2019,5,30,1133887020294639616,"NEC train #3887, the 9:06pm from PSNY, is cancelled Wednesday 5/29 due to equipment availability.  Customers to tra… https://t.co/rScWDVLI2I"
316,1559183249,2019-05-29 22:27:29+00:00,2019,5,29,1133862453207588865,"NEC train #3868, the 6:08pm from Hamilton, is up to 20min. late due to earlier disabled train A652 ahead."
317,1559177260,2019-05-29 20:47:40+00:00,2019,5,29,1133837334246514688,"Update: NEC train #3861, the 4:30pm from PSNY, is up to 15min. late due to a mechanical problem."
318,1559176383,2019-05-29 20:33:03+00:00,2019,5,29,1133833655305015296,"NEC train #3861, the 4:30pm from PSNY, is subject to up to a 15min. delay due to congestion at PSNY."
319,1559176185,2019-05-29 20:29:45+00:00,2019,5,29,1133832822102347777,"NEC train #3943, the 4:22pm from Secaucus, is up to 10min. late due to equipment availability."
320,1559175721,2019-05-29 20:22:01+00:00,2019,5,29,1133830877451104258,"NEC train #3855, the 4:10pm from Metropark, is up to 15mins. late due to making additional stops for cancelled train #3509."
321,1559170537,2019-05-29 18:55:37+00:00,2019,5,29,1133809132962820096,"NEC train #3855 the 3:30pm from PSNY will make additional stops Wednesday, 5/29 due to cancelled train #3509."
322,1559159975,2019-05-29 15:59:35+00:00,2019,5,29,1133764835995541506,"NEC train #3835, the 11:59am from Princeton Jct., is up to 10mins. late due to congestion from train A491."
323,1559157225,2019-05-29 15:13:45+00:00,2019,5,29,1133753299100983296,"NEC train #3846, the 12:52pm from Trenton, is cancelled due to mechanical problems. Customers to train #3848, the 1:09pm from Trenton."
324,1559155592,2019-05-29 14:46:32+00:00,2019,5,29,1133746450909868032,"MetLife Stadium: NJ TRANSIT Offers Rail Shuttle Service for Hot 97 Summer Jam - Sunday, June 2, 2019 https://t.co/3bsm2yVPaf"
325,1559153220,2019-05-29 14:07:00+00:00,2019,5,29,1133736501865590784,UPDATE: Newark Penn Station: Track 1 Elevator Returned to Service - Effective Immediately https://t.co/uzwvvGF4yT
326,1559145710,2019-05-29 12:01:50+00:00,2019,5,29,1133705001359085571,"Amtrak PSNY track work is prompting NJT rail service adjustments on select Montclair-Boonton, Morris &amp; Essex and NJ… https://t.co/67HcSeUoqK"
327,1559143873,2019-05-29 11:31:13+00:00,2019,5,29,1133697295600496640,"NEC train #3716, the 8:19am from Jersey Ave is cancelled Wednesday, 5/29 due to mechanical problems. Customers to t… https://t.co/FrKQnqhBuh"
328,1559142952,2019-05-29 11:15:52+00:00,2019,5,29,1133693436408807424,"Correction: NEC train #3930, the 8:11am from Trenton will operate Wednesday, 5/29."
329,1559142671,2019-05-29 11:11:11+00:00,2019,5,29,1133692254869229569,"Update: NEC train #3930, the 8:11am from Trenton will operate Wednesday, 5/30."
330,1559136818,2019-05-29 09:33:38+00:00,2019,5,29,1133667705394008064,"NEC train #3930, the 8:11am from Trenton, is cancelled Wednesday, 5/29 due to equipment availability. Customers to… https://t.co/tRmdv3XTHH"
331,1559095509,2019-05-28 22:05:09+00:00,2019,5,28,1133494443385020417,"Correction: NEC train #3862, the 5:53pm from Secaucus, is up to 10 min. late due to police assistance at NPS."
332,1559095369,2019-05-28 22:02:49+00:00,2019,5,28,1133493856157261824,"NEC train #3862, the 5:53pm from Secaucus, is up to 10 min. late due to congestion from heavy travel."
333,1559092695,2019-05-28 21:18:15+00:00,2019,5,28,1133482641532051457,"NEC train #3866, the 5:10pm from Hamilton, is up to 10 min. late due to congestion from train A94."
334,1559086867,2019-05-28 19:41:07+00:00,2019,5,28,1133458195094167554,"NEC train #3858, the 3:36pm from Trenton, will operate today Tuesday, 5/28."
335,1559083906,2019-05-28 18:51:46+00:00,2019,5,28,1133445777798381572,UPDATE: Metropark Station: Inbound (Eastbound) Elevator Returned to Service - Effective Immediately https://t.co/V3pQc4fT0K
336,1559083332,2019-05-28 18:42:12+00:00,2019,5,28,1133443371194814466,"NEC train #3858, the 3:36pm from Trenton, is cancelled due to mechanical problems. Customers to train#3860, the 4:03pm from Trenton."
337,1559077357,2019-05-28 17:02:37+00:00,2019,5,28,1133418309582561285,"NEC train #3846, the 12:58pm from Hamilton, is up to 10 min. late due to Amtrak train A174 ahead."
338,1559076036,2019-05-28 16:40:36+00:00,2019,5,28,1133412768864980992,"NEC train #3839, the 12:26pm from Metuchen, is up to 15 min. late due to Amtrak train A645 ahead."
339,1559061374,2019-05-28 12:36:14+00:00,2019,5,28,1133351272168546306,UPDATE: Hamilton Station: Outbound (Westbound) Elevator Returned to Service - Effective Immediately https://t.co/2AxzrSZ52o
340,1559061058,2019-05-28 12:30:58+00:00,2019,5,28,1133349945552101376,Metropark Station: Inbound (Eastbound) Elevator Temporarily Out of Service - Effective Immediately https://t.co/V3pQc4fT0K
341,1558994552,2019-05-27 18:02:32+00:00,2019,5,27,1133070998398558208,"NEC train #7845, the 1:42pm from Elizabeth, is up to 20 min. late due to track maintenance."
342,1558947557,2019-05-27 04:59:17+00:00,2019,5,27,1132873887602085889,"NEC train #7887, the 12:14am from PSNY was cancelled Monday, 5/27 due to mechanical problems. Customers to train #7… https://t.co/J5bSxVLmEM"
343,1558927949,2019-05-26 23:32:29+00:00,2019,5,26,1132791647752871936,"NEC train #7879, the 9:57pm from PSNY is cancelled Sunday, 5/26 due to engineer availability. Customers to train #7… https://t.co/rM1pet1pIc"
